student_id,age,study_hours,attendance,previous_score,assignments_completed,sleep_hours,extracurricular_hours,internet_access,parental_support,final_score,performance,support_required
S0001,22,3.9,84.1,73.8,3,8.1,2.2,1,2,75.8,Good,0
S0002,20,6.8,87.6,76.5,6,5.2,3.6,1,1,79.8,Good,0
S0003,21,6.8,59.7,73.8,5,6.7,2.4,1,2,73.2,Good,1
S0004,22,4.3,63.1,54.1,10,6.9,1.2,1,2,77.6,Good,1
S0005,20,6.4,68.9,60.7,8,5.6,2.7,1,2,69.1,Average,1
S0006,21,4.2,67.7,86.4,10,8.6,1.3,1,4,82.8,Good,1
S0007,22,3.6,89.0,92.0,7,5.7,2.2,1,5,91.4,Good,0
S0008,18,4.8,99.7,50.0,10,5.6,0.4,1,4,80.0,Good,0
S0009,17,2.4,85.7,40.6,8,7.5,2.3,1,4,61.1,Average,0
S0010,18,3.2,56.5,92.9,6,6.4,1.9,1,4,67.0,Average,1
S0011,18,5.9,68.4,87.3,3,7.6,2.6,1,3,82.6,Good,1
S0012,22,6.4,91.1,73.4,8,4.8,2.3,1,5,90.0,Good,0
S0013,22,1.4,96.6,84.9,3,4.7,2.3,1,4,69.3,Average,0
S0014,17,6.1,81.8,72.7,9,7.7,2.9,1,4,91.4,Good,0
S0015,19,6.7,70.7,89.8,5,5.9,0.5,1,5,100.0,Good,0
S0016,21,4.1,71.0,53.4,4,8.3,3.0,1,4,65.3,Average,0
S0017,17,1.4,83.5,64.4,8,5.2,2.5,1,2,50.9,Average,1
S0018,21,5.8,93.9,76.9,10,5.2,2.8,1,3,94.7,Good,0
S0019,17,2.7,70.3,51.9,8,8.3,1.6,1,4,70.0,Average,0
S0020,19,5.5,63.6,79.3,3,5.8,0.3,1,4,77.1,Good,1
S0021,21,3.6,55.1,54.4,5,4.5,3.7,1,4,49.1,Needs Support,1
S0022,18,5.5,61.2,79.1,8,5.1,3.3,1,4,92.4,Good,1
S0023,19,2.8,93.3,84.2,4,7.8,3.9,1,1,73.6,Good,0
S0024,18,4.3,83.1,63.3,4,5.3,1.8,1,5,73.0,Good,0
S0025,21,4.7,99.6,94.5,6,6.8,3.5,1,5,80.6,Good,0
S0026,18,5.4,58.1,74.7,4,8.2,3.5,1,1,77.2,Good,1
S0027,22,2.4,71.5,81.6,7,7.1,2.2,0,1,68.9,Average,0
S0028,19,7.7,90.8,41.1,4,7.8,3.6,1,4,93.1,Good,0
S0029,19,3.0,84.8,46.2,5,8.9,3.3,1,1,61.0,Average,0
S0030,20,3.1,58.0,79.1,10,5.5,0.4,1,1,64.6,Average,1
S0031,20,2.8,73.1,91.9,9,8.4,0.5,1,4,85.9,Good,0
S0032,20,1.5,83.7,74.6,4,6.8,1.6,1,2,57.0,Average,1
S0033,20,4.0,85.9,90.2,5,5.0,2.1,1,1,80.8,Good,0
S0034,22,6.4,75.3,43.3,10,4.7,2.6,1,5,75.4,Good,0
S0035,21,6.0,63.5,89.0,10,5.6,2.3,1,5,93.3,Good,1
S0036,21,2.4,98.5,88.3,4,4.7,3.5,1,3,72.2,Good,0
S0037,21,2.0,76.0,74.6,10,7.9,3.2,1,4,78.4,Good,0
S0038,20,3.2,87.3,63.6,5,6.8,0.4,1,3,67.1,Average,0
S0039,19,6.4,79.1,78.8,4,4.2,1.4,1,2,74.1,Good,0
S0040,22,4.4,58.6,53.4,4,8.4,3.6,1,2,64.4,Average,1
S0041,19,7.5,65.7,76.7,7,7.0,3.0,1,3,85.9,Good,1
S0042,18,5.6,57.8,78.2,10,6.2,0.1,1,3,87.7,Good,1
S0043,22,5.3,63.6,69.7,10,4.7,2.5,1,3,80.4,Good,1
S0044,17,6.4,64.0,54.3,3,6.3,0.5,1,1,51.3,Average,1
S0045,22,6.3,73.7,40.1,5,8.6,2.0,1,3,74.1,Good,0
S0046,20,3.4,69.5,50.8,9,6.9,4.0,1,3,82.2,Good,1
S0047,17,2.8,71.3,85.9,10,6.3,0.3,1,4,84.8,Good,0
S0048,17,4.1,91.8,51.7,5,7.0,3.3,1,5,79.2,Good,0
S0049,19,4.4,56.0,44.1,4,6.8,1.9,1,2,63.4,Average,1
S0050,17,2.0,59.7,53.6,10,7.1,3.9,1,4,64.3,Average,1
S0051,17,4.1,91.4,68.6,6,5.0,3.4,1,2,65.3,Average,0
S0052,20,5.5,79.0,72.2,9,4.7,0.3,1,4,93.1,Good,0
S0053,22,2.0,74.8,88.2,5,4.1,2.6,1,4,77.8,Good,0
S0054,19,2.0,67.0,87.0,5,8.2,3.4,1,3,74.9,Good,1
S0055,21,2.2,79.4,93.3,10,4.0,1.1,1,2,82.7,Good,0
S0056,22,3.0,65.0,88.6,7,5.3,2.8,1,2,76.9,Good,1
S0057,21,7.7,93.6,64.8,7,6.9,1.0,1,4,94.6,Good,0
S0058,20,1.2,92.1,47.8,4,6.5,0.8,1,4,61.0,Average,0
S0059,19,2.3,69.5,92.6,5,8.5,1.3,1,5,76.6,Good,1
S0060,20,2.2,56.1,52.6,6,5.1,1.2,1,2,58.5,Average,1
S0061,18,4.3,94.9,74.2,7,4.6,3.8,1,2,73.0,Good,0
S0062,19,1.1,68.4,54.5,3,4.8,0.9,1,2,44.5,Needs Support,1
S0063,19,4.2,84.6,84.9,5,6.5,1.7,1,5,87.2,Good,0
S0064,18,2.1,93.6,51.0,8,5.5,1.9,1,3,66.0,Average,0
S0065,22,2.9,90.9,63.1,7,6.3,2.8,0,2,51.8,Average,1
S0066,17,6.5,93.8,52.1,7,7.4,3.9,1,5,89.2,Good,0
S0067,17,2.3,77.0,87.3,10,5.6,2.5,1,5,65.0,Average,0
S0068,18,5.3,92.9,74.1,5,7.3,3.4,1,4,99.9,Good,0
S0069,22,3.8,75.8,74.7,3,4.1,0.5,1,5,75.8,Good,0
S0070,21,3.9,66.9,57.3,3,6.7,2.6,1,4,70.0,Average,1
S0071,22,6.7,76.6,49.7,10,8.5,0.7,1,2,82.2,Good,0
S0072,18,2.1,70.1,87.2,10,8.7,3.5,1,1,70.0,Average,0
S0073,21,7.5,89.5,82.1,7,6.9,2.4,1,5,97.9,Good,0
S0074,19,7.3,92.4,80.4,3,8.9,0.5,1,5,93.9,Good,0
S0075,19,5.7,61.4,94.8,3,5.2,3.4,1,2,71.9,Good,1
S0076,17,1.3,62.4,70.8,5,5.5,2.1,1,3,60.5,Average,1
S0077,20,5.6,72.3,49.8,3,6.2,1.9,1,3,73.9,Good,0
S0078,21,5.2,75.8,73.5,3,6.5,0.3,1,4,81.1,Good,0
S0079,20,6.4,98.0,55.8,5,8.1,3.6,1,4,77.8,Good,0
S0080,17,2.5,97.4,68.2,6,6.2,2.1,1,3,56.6,Average,1
S0081,20,7.7,98.5,65.3,9,4.2,3.5,0,3,93.8,Good,0
S0082,18,7.2,87.8,71.0,6,7.5,0.3,1,4,87.3,Good,0
S0083,22,1.8,85.5,90.7,8,5.1,2.7,1,1,78.3,Good,0
S0084,22,3.2,67.2,84.6,7,8.4,1.5,1,1,88.4,Good,1
S0085,18,1.2,71.8,62.8,9,5.1,2.1,1,5,80.4,Good,0
S0086,20,6.8,55.1,85.0,5,5.5,2.5,1,1,82.6,Good,1
S0087,22,7.4,92.5,87.3,10,4.7,3.3,1,1,100.0,Good,0
S0088,22,7.9,67.4,82.6,4,5.5,3.7,1,2,98.6,Good,1
S0089,21,5.3,58.6,70.3,3,7.0,0.7,1,3,71.8,Good,1
S0090,20,5.7,69.2,89.5,9,5.3,3.4,1,2,91.0,Good,1
S0091,17,5.7,69.5,67.1,7,4.2,0.5,1,1,82.9,Good,1
S0092,21,5.0,87.6,45.8,5,6.9,0.0,1,4,73.7,Good,0
S0093,19,7.7,55.3,55.0,4,7.7,1.2,1,4,75.1,Good,1
S0094,17,5.3,65.4,76.2,5,4.5,1.1,1,1,67.6,Average,1
S0095,18,3.4,95.3,60.9,8,6.1,3.1,1,1,75.2,Good,0
S0096,20,4.6,93.5,63.3,6,4.3,2.2,1,1,69.9,Average,0
S0097,21,1.1,83.3,62.1,3,4.1,1.6,1,2,60.5,Average,0
S0098,20,6.1,80.2,50.6,5,5.9,3.2,1,3,73.3,Good,0
S0099,20,5.9,65.0,45.1,7,5.4,3.7,1,5,86.8,Good,1
S0100,22,3.9,94.4,42.7,8,8.4,2.6,1,1,83.0,Good,0
S0101,21,7.0,89.2,77.0,7,4.1,2.6,1,1,79.1,Good,0
S0102,19,6.3,78.1,57.8,3,7.2,3.4,1,4,85.5,Good,0
S0103,20,3.4,62.2,65.1,4,7.7,1.2,1,3,62.9,Average,1
S0104,20,1.5,64.7,91.4,5,6.1,4.0,1,2,76.7,Good,1
S0105,17,1.9,72.1,74.5,8,6.5,0.7,0,5,75.6,Good,0
S0106,17,2.3,69.9,84.6,6,5.2,0.2,1,2,68.9,Average,1
S0107,20,3.1,57.7,81.9,3,5.3,3.3,1,5,72.2,Good,1
S0108,19,4.1,73.3,92.5,5,4.3,0.7,1,3,73.5,Good,0
S0109,20,7.5,75.2,43.7,7,8.5,1.3,1,2,85.5,Good,0
S0110,18,2.9,67.9,61.1,9,4.1,2.1,0,5,72.9,Good,1
S0111,18,7.3,72.3,92.2,4,4.7,0.4,1,5,89.5,Good,0
S0112,17,5.8,70.0,65.5,5,7.6,1.7,0,2,78.4,Good,0
S0113,19,7.0,72.0,92.1,4,6.3,1.4,1,4,82.1,Good,0
S0114,21,3.8,82.9,50.2,6,6.6,0.3,1,2,73.2,Good,0
S0115,19,1.0,77.4,43.3,6,5.5,2.4,1,2,44.7,Needs Support,1
S0116,19,6.5,63.9,89.3,6,4.8,1.8,1,2,89.7,Good,1
S0117,20,2.7,90.8,62.6,4,8.0,0.6,1,2,71.6,Good,0
S0118,22,2.0,78.1,68.0,9,4.6,3.2,0,4,75.6,Good,0
S0119,19,6.6,75.6,91.5,7,5.5,1.6,1,2,86.8,Good,0
S0120,20,5.8,87.1,52.1,4,7.8,0.1,1,5,100.0,Good,0
S0121,19,2.5,88.8,93.3,6,5.5,3.5,1,4,77.8,Good,0
S0122,20,2.9,93.2,61.8,9,8.8,1.6,0,1,76.9,Good,0
S0123,19,7.6,91.5,53.6,8,4.9,0.4,1,1,81.3,Good,0
S0124,20,2.9,85.1,52.9,10,6.6,1.2,1,1,83.8,Good,0
S0125,20,5.9,87.5,68.5,7,6.7,1.0,1,5,85.4,Good,0
S0126,21,1.9,62.1,65.7,5,6.5,0.2,1,2,67.5,Average,1
S0127,22,6.7,86.5,88.7,4,7.9,1.3,1,2,82.9,Good,0
S0128,17,1.8,66.5,42.8,4,4.2,0.7,1,2,52.0,Average,1
S0129,20,4.6,66.6,42.4,7,6.7,0.9,1,4,67.6,Average,1
S0130,19,1.2,60.4,48.4,9,7.9,2.7,1,4,69.9,Average,1
S0131,19,4.9,72.9,73.3,8,4.3,0.6,0,4,77.5,Good,0
S0132,18,6.9,55.9,83.0,5,6.7,0.1,1,4,78.9,Good,1
S0133,17,1.6,84.6,66.4,5,6.2,0.7,1,4,69.6,Average,0
S0134,19,2.9,88.7,73.8,4,6.0,1.2,1,4,63.1,Average,0
S0135,21,6.4,89.9,75.3,5,6.7,0.7,1,1,77.9,Good,0
S0136,17,5.3,60.8,41.1,3,7.1,2.4,1,2,68.1,Average,1
S0137,19,3.2,83.8,53.5,4,7.5,3.5,1,1,49.9,Needs Support,1
S0138,22,5.4,92.7,94.9,7,8.5,3.3,1,3,100.0,Good,0
S0139,22,4.2,56.6,58.2,4,7.3,1.9,1,4,63.7,Average,1
S0140,18,7.0,63.7,92.1,10,9.0,3.1,1,5,95.9,Good,1
S0141,17,3.1,67.0,67.1,4,7.3,3.2,1,5,70.6,Good,1
S0142,21,6.3,75.8,52.2,10,5.3,2.5,1,1,87.2,Good,0
S0143,17,5.4,62.7,40.1,9,4.7,3.2,1,2,66.8,Average,1
S0144,18,6.2,79.2,52.0,7,4.4,1.5,1,1,75.0,Good,0
S0145,19,3.6,70.5,57.7,5,5.3,3.0,1,3,72.1,Good,0
S0146,22,6.1,84.5,64.2,6,4.6,2.1,1,1,85.0,Good,0
S0147,17,5.9,78.9,64.6,8,7.4,3.0,1,5,88.2,Good,0
S0148,20,3.7,85.9,70.2,10,7.4,3.0,0,5,79.2,Good,0
S0149,20,1.2,66.1,66.1,5,7.1,0.3,1,5,55.5,Average,1
S0150,17,7.7,86.8,41.8,8,5.9,3.3,1,3,81.9,Good,0
S0151,22,6.0,88.1,54.7,9,6.3,0.1,0,2,88.3,Good,0
S0152,22,2.4,87.5,92.9,10,5.3,1.7,1,4,90.4,Good,0
S0153,19,6.1,58.1,41.5,5,8.6,2.4,1,1,71.2,Good,1
S0154,22,3.0,97.6,80.4,8,4.1,3.3,0,4,90.5,Good,0
S0155,20,4.3,81.0,66.2,7,5.6,0.2,1,4,76.4,Good,0
S0156,22,7.0,67.3,78.9,8,6.9,2.7,1,5,91.2,Good,1
S0157,22,4.1,74.5,58.3,5,4.9,1.4,1,3,65.7,Average,0
S0158,20,3.0,78.3,60.4,8,8.3,0.2,1,3,89.2,Good,0
S0159,18,3.1,78.3,68.4,10,6.4,1.3,0,5,64.1,Average,0
S0160,17,1.5,66.2,90.0,4,5.9,2.6,1,2,66.7,Average,1
S0161,20,2.5,66.9,58.1,10,4.3,0.3,1,5,75.0,Good,1
S0162,18,2.9,71.4,44.7,5,5.4,3.4,1,1,57.9,Average,1
S0163,21,2.2,90.1,42.1,3,6.9,0.2,1,5,78.5,Good,0
S0164,22,1.4,74.7,88.5,3,5.4,1.0,1,3,73.3,Good,0
S0165,18,4.3,56.7,57.3,7,4.2,1.3,1,2,72.8,Good,1
S0166,20,2.5,75.3,46.6,10,6.9,0.3,1,1,61.1,Average,0
S0167,17,6.2,64.1,72.8,4,5.5,3.7,1,3,81.3,Good,1
S0168,18,7.5,55.6,86.5,10,8.2,3.9,1,5,97.8,Good,1
S0169,19,2.9,99.0,73.0,3,7.5,3.6,1,5,75.7,Good,0
S0170,22,5.0,68.2,48.3,7,7.6,0.8,1,4,76.8,Good,1
S0171,22,4.5,79.2,62.3,7,8.5,3.3,0,5,76.5,Good,0
S0172,20,1.5,71.1,54.7,4,8.1,1.4,1,2,62.0,Average,0
S0173,20,1.9,57.4,40.9,9,5.6,1.2,1,5,74.0,Good,1
S0174,20,7.2,95.5,93.1,3,6.8,2.8,0,3,99.7,Good,0
S0175,17,4.3,97.1,65.3,4,5.3,0.3,1,1,74.4,Good,0
S0176,19,6.6,63.4,47.4,6,5.0,0.0,0,3,57.9,Average,1
S0177,22,1.5,73.8,88.7,5,5.0,3.7,1,5,78.6,Good,0
S0178,19,5.2,71.8,94.2,6,4.6,1.4,1,4,94.0,Good,0
S0179,18,7.1,62.5,84.9,5,5.2,3.2,1,1,82.0,Good,1
S0180,18,7.1,84.8,54.0,4,5.1,1.7,0,5,76.4,Good,0
S0181,21,1.0,90.2,50.5,7,7.4,0.4,1,5,71.6,Good,0
S0182,17,4.7,89.2,68.9,3,5.3,1.9,1,2,67.0,Average,0
S0183,22,3.6,85.4,72.1,7,4.2,0.7,1,4,83.6,Good,0
S0184,22,6.3,55.8,88.3,8,6.1,0.3,1,4,81.7,Good,1
S0185,20,1.5,65.3,93.2,6,5.0,0.1,1,1,60.0,Average,1
S0186,19,2.9,78.2,90.1,9,7.4,1.6,1,3,84.4,Good,0
S0187,21,6.7,86.6,58.8,8,5.1,1.0,1,1,73.8,Good,0
S0188,20,4.3,72.4,72.2,3,6.8,1.3,1,5,74.0,Good,0
S0189,19,4.2,75.2,46.8,6,4.9,3.8,1,1,69.3,Average,0
S0190,18,7.8,92.8,68.5,5,6.4,3.3,1,2,80.4,Good,0
S0191,19,3.2,56.1,43.9,5,8.3,2.8,1,2,66.2,Average,1
S0192,21,1.3,67.1,46.1,5,5.5,1.0,1,4,50.5,Average,1
S0193,17,3.7,68.0,46.7,9,6.6,3.0,1,2,74.3,Good,1
S0194,17,2.1,99.7,56.6,7,6.2,2.8,1,1,70.4,Good,0
S0195,21,1.6,65.2,57.0,4,4.4,2.1,1,5,53.6,Average,1
S0196,19,5.0,57.1,78.8,7,4.1,1.0,1,3,73.5,Good,1
S0197,21,7.7,73.7,44.2,6,8.2,0.8,1,1,68.0,Average,0
S0198,17,5.1,84.2,46.1,6,5.7,1.7,1,5,70.9,Good,0
S0199,22,5.5,61.9,76.1,3,7.4,1.1,1,5,72.3,Good,1
S0200,17,3.3,92.8,77.0,9,6.1,3.5,1,4,97.4,Good,0
S0201,19,5.0,63.8,79.1,10,8.2,1.9,0,1,91.7,Good,1
S0202,22,6.3,86.7,79.6,6,5.0,2.7,0,1,73.5,Good,0
S0203,17,5.1,62.3,76.5,5,6.4,3.6,1,1,80.6,Good,1
S0204,20,6.6,94.7,70.4,5,6.7,2.5,1,5,92.3,Good,0
S0205,21,4.9,64.1,80.8,6,8.0,0.6,1,3,78.4,Good,1
S0206,19,2.4,87.9,44.5,9,4.1,1.3,1,3,71.1,Good,0
S0207,17,5.1,92.7,51.6,10,5.8,3.7,1,4,91.7,Good,0
S0208,20,4.4,66.5,80.8,9,6.4,0.2,0,3,77.5,Good,1
S0209,19,2.2,59.2,50.6,8,6.9,0.9,1,3,61.3,Average,1
S0210,22,5.3,81.4,69.2,10,4.7,2.5,1,5,90.7,Good,0
S0211,21,6.7,77.5,54.3,3,6.7,3.4,1,5,71.5,Good,0
S0212,19,1.9,76.6,63.7,4,7.5,3.3,1,3,64.8,Average,0
S0213,17,4.8,90.2,85.9,5,7.7,2.9,1,4,86.7,Good,0
S0214,20,6.1,75.8,76.3,4,5.1,2.8,1,2,74.3,Good,0
S0215,18,3.8,77.4,64.5,8,6.2,1.5,1,2,69.5,Average,0
S0216,21,2.9,76.9,55.0,6,5.5,0.2,1,3,68.6,Average,0
S0217,22,3.6,75.5,84.3,4,5.9,2.5,0,5,81.2,Good,0
S0218,19,4.8,73.3,76.1,10,5.8,0.3,1,4,90.2,Good,0
S0219,22,5.8,62.2,64.2,5,8.7,3.2,1,4,73.0,Good,1
S0220,20,4.9,68.3,87.8,7,4.1,0.5,1,2,86.7,Good,1
S0221,20,1.7,66.9,78.1,7,8.7,0.1,1,5,75.2,Good,1
S0222,21,6.7,66.2,93.9,7,4.2,4.0,1,1,92.6,Good,1
S0223,21,7.5,90.2,76.5,9,4.4,0.7,1,3,100.0,Good,0
S0224,22,1.7,60.1,89.5,5,5.0,2.3,1,2,58.1,Average,1
S0225,22,2.7,64.2,70.3,6,5.4,0.2,1,5,68.6,Average,1
S0226,17,2.2,78.7,79.1,10,8.3,3.9,1,1,74.4,Good,0
S0227,19,6.9,69.1,86.3,7,8.2,0.1,1,1,84.7,Good,1
S0228,22,7.4,65.8,45.0,4,8.7,2.8,1,1,90.2,Good,1
S0229,18,1.3,71.8,66.1,3,5.9,3.4,1,4,65.7,Average,0
S0230,17,3.3,77.6,73.3,7,4.1,1.2,1,1,58.3,Average,1
S0231,20,2.3,85.3,43.2,4,7.1,0.0,1,5,65.9,Average,0
S0232,21,4.3,98.7,83.4,8,8.5,0.1,1,3,87.4,Good,0
S0233,21,7.5,93.4,79.4,6,4.5,0.2,1,2,100.0,Good,0
S0234,21,1.5,74.3,91.5,9,8.1,3.0,1,2,78.8,Good,0
S0235,20,2.2,75.3,60.5,3,4.0,2.1,0,2,53.6,Average,1
S0236,17,4.4,73.7,65.8,9,7.7,3.6,1,1,80.8,Good,0
S0237,22,4.7,65.8,90.2,9,6.5,2.5,1,1,88.2,Good,1
S0238,19,6.2,97.8,62.6,6,8.5,2.4,1,4,90.2,Good,0
S0239,22,4.1,58.1,85.9,7,8.4,0.8,1,1,76.7,Good,1
S0240,21,2.0,64.2,63.2,5,4.2,0.9,1,4,59.6,Average,1
S0241,22,3.5,84.8,58.6,7,6.5,3.9,1,4,79.2,Good,0
S0242,17,7.9,81.5,55.2,10,5.2,3.8,1,5,87.3,Good,0
S0243,22,6.3,67.5,51.7,3,6.2,1.8,1,2,70.3,Good,1
S0244,20,1.8,97.2,63.7,7,4.3,3.2,0,1,64.5,Average,0
S0245,19,6.7,73.4,48.9,8,5.8,2.9,1,3,78.4,Good,0
S0246,21,3.2,81.8,85.5,5,6.0,1.1,1,4,83.1,Good,0
S0247,22,6.5,59.1,93.6,4,4.0,0.8,1,2,71.7,Good,1
S0248,20,1.1,95.1,45.4,4,6.4,3.0,1,2,54.0,Average,1
S0249,17,7.1,59.6,43.0,3,8.5,3.9,1,4,67.3,Average,1
S0250,21,2.1,72.7,40.2,9,4.3,3.9,1,3,66.2,Average,0
S0251,18,4.2,94.9,91.3,7,8.7,1.4,1,5,90.0,Good,0
S0252,18,5.6,97.5,44.1,9,6.4,0.3,1,3,84.5,Good,0
S0253,18,4.6,95.7,77.4,6,5.1,1.3,1,4,87.3,Good,0
S0254,18,2.2,92.2,56.7,7,8.8,0.3,1,3,60.7,Average,0
S0255,22,2.0,65.5,50.9,10,6.4,4.0,1,1,68.3,Average,1
S0256,19,3.0,56.4,53.5,6,6.2,1.2,1,3,56.9,Average,1
S0257,17,1.4,75.3,77.9,7,5.9,3.4,1,4,68.6,Average,0
S0258,18,2.5,57.8,41.0,8,8.4,1.0,1,5,64.5,Average,1
S0259,19,1.9,98.2,87.6,8,4.6,3.8,1,1,83.3,Good,0
S0260,19,4.3,55.4,71.2,10,5.1,2.0,1,4,85.3,Good,1
S0261,18,3.5,69.6,53.0,9,5.4,3.3,1,3,84.9,Good,1
S0262,22,5.1,64.1,51.5,7,4.3,2.4,1,2,71.6,Good,1
S0263,22,3.0,55.6,76.0,7,8.2,3.1,1,2,68.1,Average,1
S0264,20,1.2,77.5,74.6,9,6.4,0.3,1,4,69.6,Average,0
S0265,22,3.3,58.4,57.5,9,7.0,0.4,1,3,76.3,Good,1
S0266,19,6.3,95.5,58.4,10,8.4,1.4,1,1,100.0,Good,0
S0267,17,2.8,85.9,65.5,10,6.5,3.5,1,5,84.2,Good,0
S0268,18,3.8,71.7,90.1,9,5.4,3.6,1,4,81.3,Good,0
S0269,17,6.3,92.9,69.6,4,6.7,2.8,1,4,88.0,Good,0
S0270,22,3.8,90.9,86.2,6,6.5,2.4,1,3,85.1,Good,0
S0271,18,7.2,69.7,75.2,3,5.5,0.2,1,5,84.4,Good,1
S0272,19,7.4,93.1,70.9,4,5.2,3.7,1,2,81.1,Good,0
S0273,18,3.2,96.8,66.9,4,5.8,2.6,1,5,55.6,Average,1
S0274,22,6.2,82.9,77.4,8,7.7,2.5,0,4,87.9,Good,0
S0275,17,2.8,70.8,67.0,5,4.8,3.4,0,4,72.8,Good,0
S0276,20,2.0,95.5,79.9,9,9.0,0.9,1,1,82.6,Good,0
S0277,22,4.1,97.4,50.0,8,5.2,2.5,0,2,57.5,Average,1
S0278,20,5.2,70.6,57.7,10,5.4,2.7,1,1,79.2,Good,0
S0279,22,7.5,58.9,88.0,3,4.6,3.0,1,2,68.5,Average,1
S0280,22,2.0,94.1,61.7,4,6.0,0.4,0,2,77.3,Good,0
S0281,21,6.0,84.9,86.4,9,5.9,2.9,1,3,96.5,Good,0
S0282,21,4.3,65.4,91.6,3,7.4,3.6,1,3,67.6,Average,1
S0283,20,1.9,80.5,71.8,5,8.5,2.5,1,4,76.7,Good,0
S0284,20,7.8,68.9,45.6,8,5.2,0.7,0,4,77.0,Good,1
S0285,21,5.9,96.4,81.6,6,8.0,3.7,1,3,96.7,Good,0
S0286,19,1.9,70.4,76.6,9,5.5,0.4,0,2,69.9,Average,0
S0287,22,7.3,63.8,56.0,3,6.0,0.9,1,4,68.0,Average,1
S0288,22,1.7,56.9,87.5,3,4.6,3.4,1,3,65.8,Average,1
S0289,19,1.6,70.4,66.5,10,8.5,2.4,1,4,64.8,Average,0
S0290,19,3.3,99.5,43.1,7,5.9,1.3,1,5,83.9,Good,0
S0291,21,7.6,64.8,43.7,4,7.5,3.2,1,1,74.6,Good,1
S0292,22,1.2,75.6,52.6,5,4.1,2.6,1,5,50.4,Average,1
S0293,17,7.4,98.7,73.5,4,7.5,0.5,1,5,81.0,Good,0
S0294,17,5.3,55.3,84.8,10,5.1,0.9,1,4,99.7,Good,1
S0295,18,1.5,68.3,45.4,5,6.3,3.2,1,3,66.1,Average,1
S0296,19,5.0,92.0,41.2,5,7.4,3.2,1,2,63.0,Average,0
S0297,17,4.2,59.3,74.2,10,4.9,0.3,1,3,92.1,Good,1
S0298,20,4.9,96.8,62.5,3,6.6,2.1,1,3,77.5,Good,0
S0299,20,6.2,92.6,64.3,9,8.2,2.9,1,3,91.6,Good,0
S0300,22,5.8,61.4,85.1,9,4.8,1.3,1,5,89.4,Good,1
S0301,21,8.0,81.7,90.5,3,6.3,0.3,1,3,90.8,Good,0
S0302,18,2.1,80.0,93.2,5,4.9,1.7,1,5,86.1,Good,0
S0303,21,6.7,86.2,82.9,10,4.7,3.7,1,5,100.0,Good,0
S0304,21,3.9,68.8,40.2,6,6.4,2.9,1,5,53.5,Average,1
S0305,21,6.5,72.3,48.3,8,6.3,0.9,1,5,99.4,Good,0
S0306,21,7.2,65.8,72.3,4,7.2,3.4,1,2,88.9,Good,1
S0307,18,7.9,68.1,92.5,9,8.3,2.7,0,2,91.5,Good,1
S0308,21,2.9,62.9,44.5,5,7.5,1.2,1,2,56.4,Average,1
S0309,17,4.2,95.7,68.3,4,5.7,1.1,0,3,67.2,Average,0
S0310,20,7.6,94.9,61.8,4,6.4,0.7,1,2,86.6,Good,0
S0311,22,7.6,71.2,62.4,9,7.4,1.6,0,4,94.6,Good,0
S0312,22,3.6,86.2,54.8,5,8.2,1.4,1,4,74.9,Good,0
S0313,18,7.6,77.1,54.9,7,7.4,1.1,1,2,82.2,Good,0
S0314,18,3.8,67.6,53.1,7,6.5,3.5,0,5,64.4,Average,1
S0315,20,3.6,70.7,45.7,6,4.7,3.0,1,4,71.6,Good,0
S0316,19,6.3,98.4,70.5,5,8.3,2.0,1,3,88.9,Good,0
S0317,21,4.3,70.4,64.5,3,5.4,3.9,1,4,85.6,Good,0
S0318,18,4.1,81.0,79.2,8,6.0,2.7,1,3,77.1,Good,0
S0319,18,3.7,97.5,75.2,6,8.4,3.8,1,2,87.6,Good,0
S0320,17,4.0,68.4,92.4,10,5.0,3.3,1,4,88.1,Good,1
S0321,19,2.0,91.4,58.7,4,8.6,2.5,1,2,59.8,Average,1
S0322,18,1.4,60.1,88.5,7,5.1,2.8,1,3,78.6,Good,1
S0323,18,6.3,88.0,61.2,3,4.4,3.1,1,3,78.0,Good,0
S0324,22,5.0,91.3,76.3,3,6.6,3.0,1,3,72.9,Good,0
S0325,21,5.7,92.7,84.3,6,8.0,3.5,1,5,91.8,Good,0
S0326,22,6.6,98.9,61.8,10,6.0,1.4,1,1,100.0,Good,0
S0327,20,2.6,87.0,64.5,8,8.2,1.5,1,4,68.6,Average,0
S0328,17,2.6,99.0,74.7,4,6.0,1.0,1,1,80.8,Good,0
S0329,21,2.9,67.5,46.1,10,8.1,3.7,1,3,76.5,Good,1
S0330,20,3.1,78.5,69.2,5,4.6,3.6,1,3,66.9,Average,0
S0331,22,6.3,64.6,45.2,5,5.4,1.8,1,3,81.9,Good,1
S0332,19,3.6,58.8,52.4,7,4.6,1.6,1,2,77.0,Good,1
S0333,18,3.3,74.8,74.3,10,7.7,0.5,1,4,88.3,Good,0
S0334,20,5.5,87.4,93.5,7,6.3,3.9,1,1,91.6,Good,0
S0335,19,2.3,90.0,95.0,5,7.3,2.7,1,1,90.4,Good,0
S0336,20,1.7,55.8,54.3,5,5.2,3.9,1,5,68.4,Average,1
S0337,19,5.9,97.4,48.0,4,7.7,2.5,1,3,71.8,Good,0
S0338,18,6.3,66.1,68.5,6,9.0,2.1,1,4,84.1,Good,1
S0339,17,3.1,68.1,64.3,10,4.4,3.0,1,3,72.4,Good,1
S0340,22,5.5,92.5,60.9,8,5.6,3.5,1,2,80.8,Good,0
S0341,21,1.2,95.2,82.3,6,8.3,3.4,1,1,61.3,Average,0
S0342,19,3.8,88.1,79.0,6,8.3,1.4,1,5,91.4,Good,0
S0343,18,5.0,70.0,70.9,4,8.4,2.0,1,2,76.3,Good,0
S0344,20,2.8,75.8,74.2,5,5.1,3.8,1,1,67.6,Average,0
S0345,19,3.4,92.6,72.0,7,6.8,2.0,1,5,92.8,Good,0
S0346,20,5.3,71.1,77.2,6,4.4,3.2,1,2,74.3,Good,0
S0347,17,5.1,91.2,91.0,3,6.2,2.1,1,1,81.1,Good,0
S0348,18,2.1,90.2,92.1,6,6.9,3.3,0,5,81.2,Good,0
S0349,21,5.9,76.1,93.9,7,5.3,0.3,1,1,85.2,Good,0
S0350,17,1.6,95.3,87.3,5,6.1,0.0,1,5,75.5,Good,0
S0351,21,7.8,72.3,45.8,7,5.8,0.4,1,5,91.4,Good,0
S0352,19,2.4,88.7,64.8,7,4.4,1.7,1,4,71.8,Good,0
S0353,17,2.8,83.8,83.0,5,4.3,1.5,1,2,81.7,Good,0
S0354,21,2.4,69.9,56.2,7,7.9,3.8,1,1,59.4,Average,1
S0355,21,7.9,78.9,73.4,5,4.0,4.0,1,1,87.1,Good,0
S0356,21,3.0,82.3,43.0,6,8.9,0.5,1,3,57.0,Average,1
S0357,22,5.2,79.2,51.2,7,8.5,3.3,1,2,77.2,Good,0
S0358,21,7.9,60.0,62.0,8,8.9,2.0,1,1,83.0,Good,1
S0359,22,7.7,99.6,43.9,3,7.9,3.4,1,4,94.7,Good,0
S0360,17,1.3,98.5,63.3,9,4.0,1.5,1,1,74.6,Good,0
S0361,22,4.6,56.7,52.7,9,4.6,3.1,1,5,78.4,Good,1
S0362,22,5.2,97.5,87.4,8,5.6,0.0,1,5,100.0,Good,0
S0363,21,5.9,78.9,57.5,4,4.9,1.9,1,4,86.8,Good,0
S0364,21,3.4,60.7,60.9,5,4.3,1.3,1,1,66.4,Average,1
S0365,21,3.3,91.9,84.1,8,8.6,1.0,1,3,81.4,Good,0
S0366,22,1.0,74.5,70.8,10,8.6,1.2,1,1,60.4,Average,0
S0367,22,1.2,87.1,42.8,10,7.8,1.7,1,2,66.5,Average,0
S0368,20,4.9,92.2,52.0,3,5.3,2.0,1,1,65.7,Average,0
S0369,21,1.5,79.2,73.6,8,8.3,2.1,1,1,66.2,Average,0
S0370,22,2.4,57.2,51.0,9,8.1,2.9,1,4,65.9,Average,1
S0371,18,3.3,92.0,53.7,8,5.6,3.3,1,5,64.4,Average,0
S0372,17,1.5,86.2,74.3,6,4.6,3.8,1,4,80.4,Good,0
S0373,18,1.2,96.0,67.2,8,4.7,2.7,1,1,59.6,Average,1
S0374,17,7.5,67.2,54.8,6,6.0,1.0,1,2,75.9,Good,1
S0375,19,4.0,90.3,70.8,4,8.2,2.3,1,3,81.6,Good,0
S0376,17,2.4,94.3,74.9,9,4.4,1.8,1,3,66.3,Average,0
S0377,18,6.0,71.0,42.2,4,6.1,0.9,1,3,76.9,Good,0
S0378,18,1.1,73.5,55.1,8,5.8,1.3,1,5,72.2,Good,0
S0379,21,2.7,70.0,56.9,6,8.5,0.9,1,5,67.7,Average,0
S0380,18,7.7,55.3,88.3,10,4.8,2.2,1,2,87.0,Good,1
S0381,22,7.3,65.4,42.8,5,7.3,0.3,1,2,72.1,Good,1
S0382,18,5.5,69.9,59.1,10,5.6,2.2,0,1,64.8,Average,1
S0383,22,1.7,59.9,50.7,5,7.2,1.6,1,4,68.3,Average,1
S0384,20,3.2,89.5,78.2,3,8.1,0.0,1,4,76.0,Good,0
S0385,18,1.2,74.2,84.6,6,8.1,1.1,1,5,67.6,Average,0
S0386,17,2.5,80.6,43.2,7,8.2,3.9,1,1,57.3,Average,1
S0387,18,1.2,67.8,87.5,10,5.5,2.3,0,3,77.2,Good,1
S0388,20,1.9,71.2,78.3,9,5.4,0.3,1,3,84.9,Good,0
S0389,17,5.4,88.9,51.9,6,4.6,2.3,0,3,65.0,Average,0
S0390,17,1.7,76.1,90.4,3,5.3,2.8,1,2,61.1,Average,0
S0391,17,2.1,81.8,56.1,6,4.6,0.5,1,1,48.1,Needs Support,1
S0392,21,7.3,74.0,83.4,7,7.9,1.6,1,1,97.8,Good,0
S0393,17,3.3,80.1,44.1,6,4.2,0.9,1,5,67.6,Average,0
S0394,17,3.3,95.4,65.1,10,5.0,2.2,1,4,99.9,Good,0
S0395,19,1.6,67.0,67.8,5,8.0,3.3,0,5,63.2,Average,1
S0396,18,6.6,78.4,89.3,4,7.8,1.0,1,4,87.6,Good,0
S0397,20,5.7,85.9,86.0,5,8.9,0.6,1,5,86.9,Good,0
S0398,22,4.8,58.9,70.1,3,5.9,0.6,1,2,74.4,Good,1
S0399,22,5.3,98.3,42.8,3,4.2,2.5,1,2,56.3,Average,1
S0400,20,1.7,77.4,63.6,5,8.0,0.3,1,1,68.4,Average,0
S0401,20,2.8,66.0,60.6,4,5.4,2.1,1,2,62.2,Average,1
S0402,21,5.1,89.2,94.8,5,7.9,3.2,1,5,88.5,Good,0
S0403,19,7.7,91.7,77.4,9,4.1,3.1,1,1,89.3,Good,0
S0404,20,6.7,83.4,62.3,5,4.2,2.7,1,2,88.1,Good,0
S0405,18,5.5,96.2,60.1,9,7.0,0.0,1,5,100.0,Good,0
S0406,20,4.6,59.0,82.2,6,7.4,1.7,1,2,74.3,Good,1
S0407,18,1.1,78.7,45.3,4,6.8,1.0,1,1,56.3,Average,1
S0408,18,7.2,88.4,84.9,9,6.7,2.1,1,2,100.0,Good,0
S0409,21,1.5,96.3,76.9,4,7.0,0.6,1,5,67.5,Average,0
S0410,20,1.9,83.9,63.9,7,4.7,0.5,1,2,64.6,Average,0
S0411,19,5.9,82.1,79.1,3,4.3,3.8,0,3,68.3,Average,0
S0412,17,6.7,72.5,61.9,7,5.7,3.5,1,2,81.6,Good,0
S0413,18,6.5,80.7,47.9,8,6.7,0.4,1,5,85.3,Good,0
S0414,21,4.2,80.0,62.9,3,5.2,3.3,1,5,67.9,Average,0
S0415,19,2.2,95.7,42.8,6,4.9,0.3,1,3,57.9,Average,1
S0416,22,1.2,92.2,44.8,3,6.2,1.4,1,1,41.1,Needs Support,1
S0417,22,7.0,88.2,64.1,8,6.0,4.0,0,5,81.4,Good,0
S0418,22,7.8,96.6,85.4,10,5.3,3.8,1,5,100.0,Good,0
S0419,17,2.7,58.0,51.2,8,8.6,1.9,1,3,71.8,Good,1
S0420,17,7.1,89.6,67.5,5,8.7,2.8,1,3,86.4,Good,0
S0421,20,3.8,75.9,93.8,8,4.2,1.5,1,3,77.0,Good,0
S0422,19,3.2,88.8,85.5,10,6.4,3.4,1,1,89.9,Good,0
S0423,22,4.5,68.3,89.6,7,5.2,1.3,1,2,85.5,Good,1
S0424,18,1.1,76.0,77.1,5,5.7,0.8,1,1,56.2,Average,1
S0425,17,4.1,92.1,72.4,4,4.1,0.6,1,4,70.9,Good,0
S0426,17,2.4,56.6,72.0,8,4.4,2.5,1,4,73.8,Good,1
S0427,18,6.0,68.1,73.1,10,4.2,2.2,1,4,91.5,Good,1
S0428,20,4.5,77.0,65.6,8,4.6,3.6,0,3,70.0,Average,0
S0429,17,7.1,93.3,59.8,10,7.2,0.6,1,2,96.9,Good,0
S0430,21,7.3,67.2,53.1,3,4.4,3.2,1,2,72.4,Good,1
S0431,18,3.2,92.0,43.6,3,8.4,3.8,1,1,71.0,Good,0
S0432,18,3.0,66.0,60.3,3,8.0,3.0,1,2,55.2,Average,1
S0433,20,7.6,68.6,82.3,10,5.3,0.5,1,3,100.0,Good,1
S0434,22,4.5,79.9,70.4,6,7.5,0.6,1,5,85.4,Good,0
S0435,19,1.7,84.4,49.0,8,8.8,0.4,1,3,60.8,Average,0
S0436,21,1.3,94.6,84.8,4,4.6,1.3,1,4,77.8,Good,0
S0437,18,7.9,94.6,42.3,3,6.8,3.0,1,3,88.2,Good,0
S0438,17,5.1,66.3,91.2,5,6.3,0.6,1,4,73.4,Good,1
S0439,21,1.4,88.6,75.8,9,5.6,1.8,1,2,88.9,Good,0
S0440,21,4.6,83.6,70.6,4,5.4,0.2,0,5,66.9,Average,0
S0441,21,4.5,72.4,62.7,9,4.4,2.7,1,1,68.6,Average,0
S0442,22,4.0,89.9,85.4,5,7.2,0.4,1,2,78.7,Good,0
S0443,19,7.7,95.4,40.4,8,5.0,3.2,1,4,94.4,Good,0
S0444,18,7.6,76.6,40.9,6,6.1,2.5,1,2,83.8,Good,0
S0445,20,1.9,96.2,68.6,5,8.6,0.8,1,4,72.6,Good,0
S0446,20,2.1,60.7,56.3,5,5.7,2.8,1,5,71.4,Good,1
S0447,19,3.9,62.5,62.1,5,5.6,1.4,1,5,72.9,Good,1
S0448,20,6.8,89.4,69.5,5,8.7,2.1,1,3,100.0,Good,0
S0449,18,5.4,68.7,42.4,7,6.9,2.2,1,2,93.8,Good,1
S0450,20,6.1,81.3,94.1,6,6.9,1.1,1,3,94.1,Good,0
S0451,21,5.0,77.4,77.3,8,5.1,1.7,1,1,62.2,Average,0
S0452,17,2.5,61.6,45.4,8,7.2,3.1,1,5,62.8,Average,1
S0453,19,6.7,88.9,80.6,6,5.9,3.5,0,5,83.7,Good,0
S0454,20,1.1,88.4,69.3,3,6.7,3.4,1,5,65.2,Average,0
S0455,17,5.9,61.5,77.8,7,6.0,2.3,1,2,83.0,Good,1
S0456,20,2.4,66.7,80.6,10,4.4,3.5,1,5,69.0,Average,1
S0457,22,4.3,91.0,94.5,10,8.4,0.6,1,5,90.3,Good,0
S0458,21,7.8,96.1,46.5,6,7.5,3.9,1,4,87.8,Good,0
S0459,21,4.8,94.2,94.8,10,8.8,0.2,1,3,98.3,Good,0
S0460,21,1.4,77.6,66.2,10,5.5,3.6,1,3,51.3,Average,1
S0461,19,4.0,71.5,51.1,5,5.4,3.2,1,2,72.5,Good,0
S0462,18,5.6,75.0,60.5,3,4.7,1.6,1,4,73.1,Good,0
S0463,17,1.4,62.9,60.0,7,5.5,3.2,1,2,59.6,Average,1
S0464,21,2.8,77.3,89.2,3,5.6,3.8,1,2,72.1,Good,0
S0465,18,1.1,65.4,68.8,9,4.9,0.7,1,3,58.0,Average,1
S0466,22,4.8,62.3,43.7,3,5.3,2.6,0,2,57.8,Average,1
S0467,19,3.7,72.1,79.3,4,5.5,0.0,1,1,77.6,Good,0
S0468,22,4.5,57.9,67.4,10,8.3,2.7,1,2,89.1,Good,1
S0469,17,3.1,76.2,84.8,7,6.2,0.2,0,5,82.3,Good,0
S0470,17,5.6,86.3,42.6,6,8.1,2.7,1,4,76.6,Good,0
S0471,19,2.2,84.3,87.6,4,4.2,0.1,1,3,63.8,Average,0
S0472,17,7.3,98.9,89.1,9,4.9,1.6,1,5,100.0,Good,0
S0473,19,7.7,94.9,40.5,6,8.8,3.5,1,3,91.5,Good,0
S0474,20,4.5,83.5,66.2,8,4.3,1.2,1,4,77.6,Good,0
S0475,20,4.3,95.4,46.7,3,4.3,3.9,1,1,47.4,Needs Support,1
S0476,18,7.0,75.0,69.1,3,6.6,1.9,1,2,73.5,Good,0
S0477,17,3.0,90.9,44.9,8,5.4,0.7,1,1,52.9,Average,1
S0478,20,6.6,67.8,88.8,5,5.0,3.7,0,4,95.1,Good,1
S0479,20,3.0,78.7,50.1,9,7.0,0.6,1,5,76.4,Good,0
S0480,22,6.0,99.1,76.8,5,7.0,2.4,1,2,82.3,Good,0
S0481,22,3.3,81.9,75.9,5,4.9,3.8,0,3,68.7,Average,0
S0482,19,5.2,77.8,57.6,6,6.7,3.8,1,5,99.9,Good,0
S0483,17,7.5,90.4,51.8,3,6.3,2.2,1,1,88.3,Good,0
S0484,18,1.4,69.1,90.3,9,8.2,0.8,1,3,67.1,Average,1
S0485,22,6.7,92.4,42.2,7,4.3,2.0,1,3,79.9,Good,0
S0486,19,4.8,55.8,54.0,3,5.2,1.2,1,2,52.1,Average,1
S0487,22,3.7,65.7,58.0,10,6.8,1.3,1,2,61.7,Average,1
S0488,20,3.5,63.0,72.1,10,4.2,1.3,1,2,76.7,Good,1
S0489,20,1.5,66.6,60.3,8,8.2,0.8,1,4,86.7,Good,1
S0490,17,2.8,97.5,46.1,6,8.8,0.2,1,1,80.9,Good,0
S0491,20,5.4,56.1,71.4,6,5.6,3.0,1,1,74.2,Good,1
S0492,19,1.7,68.4,79.8,5,7.9,0.1,0,2,61.8,Average,1
S0493,22,5.7,80.8,78.8,7,5.2,2.3,1,1,85.7,Good,0
S0494,17,7.7,86.6,66.9,8,8.7,1.5,1,2,100.0,Good,0
S0495,18,7.9,89.8,56.9,9,5.1,2.6,1,4,83.5,Good,0
S0496,20,7.2,72.2,40.6,5,4.0,2.3,1,3,59.4,Average,1
S0497,21,6.6,64.9,69.3,9,4.3,1.9,1,4,100.0,Good,1
S0498,21,2.2,93.4,74.6,8,6.3,3.1,1,4,81.0,Good,0
S0499,20,7.8,60.5,64.3,8,4.2,2.3,0,3,97.1,Good,1
S0500,19,2.4,57.9,92.8,6,8.9,3.6,1,5,79.3,Good,1
S0501,18,7.1,65.4,51.1,10,7.2,2.3,1,4,100.0,Good,1
S0502,19,7.1,77.2,84.8,6,6.8,3.5,1,5,90.2,Good,0
S0503,20,5.4,97.4,79.5,6,7.1,3.5,1,5,95.6,Good,0
S0504,20,4.6,87.8,89.5,4,6.1,2.8,1,3,94.8,Good,0
S0505,18,2.4,80.4,90.9,6,8.4,1.3,1,2,85.7,Good,0
S0506,18,4.6,78.5,53.0,4,7.6,1.9,1,2,66.2,Average,0
S0507,21,3.0,86.2,90.7,5,6.2,0.3,1,1,83.0,Good,0
S0508,18,1.9,83.2,62.2,9,5.4,2.9,1,1,63.7,Average,0
S0509,18,1.9,70.1,77.3,8,4.7,2.6,1,2,58.1,Average,1
S0510,18,6.6,59.2,92.4,7,5.6,3.3,1,3,93.8,Good,1
S0511,22,7.5,64.0,72.7,10,5.8,0.3,1,1,100.0,Good,1
S0512,19,2.0,90.2,72.1,6,4.4,0.5,1,1,74.2,Good,0
S0513,20,1.1,83.6,43.9,6,8.6,2.6,1,1,48.4,Needs Support,1
S0514,17,2.8,90.9,72.8,9,5.3,2.9,1,1,84.0,Good,0
S0515,19,1.9,57.0,53.3,4,6.7,0.3,1,5,63.0,Average,1
S0516,21,2.3,95.5,61.4,10,4.3,0.1,1,4,73.6,Good,0
S0517,21,5.1,72.2,60.8,3,6.8,1.3,1,4,52.8,Average,1
S0518,20,4.0,96.7,93.5,4,7.2,1.4,1,1,90.2,Good,0
S0519,22,4.0,81.8,75.1,7,4.4,0.2,1,3,85.3,Good,0
S0520,18,2.4,79.6,79.9,10,8.9,0.4,0,5,87.4,Good,0
S0521,17,5.7,91.8,49.5,8,4.8,0.8,1,2,66.6,Average,0
S0522,17,3.0,83.1,56.7,3,5.3,0.1,1,4,52.4,Average,1
S0523,18,3.8,85.4,88.3,9,7.7,0.6,1,3,97.2,Good,0
S0524,21,4.2,62.1,46.6,7,5.7,0.1,1,3,73.9,Good,1
S0525,22,7.3,82.2,92.4,6,8.4,1.5,1,4,100.0,Good,0
S0526,17,2.7,71.0,63.5,5,5.2,3.0,0,5,63.2,Average,0
S0527,20,6.0,58.4,61.4,4,5.6,2.6,1,2,74.4,Good,1
S0528,17,3.2,61.0,68.3,5,7.5,2.4,1,1,61.5,Average,1
S0529,22,7.3,76.6,64.4,3,8.3,1.9,1,5,83.1,Good,0
S0530,17,3.8,66.8,65.9,6,8.4,0.7,1,2,65.6,Average,1
S0531,20,4.5,89.4,63.3,5,5.4,0.2,1,5,80.2,Good,0
S0532,17,7.1,60.5,78.6,7,6.7,0.7,1,3,85.4,Good,1
S0533,21,5.7,55.6,55.2,8,6.1,3.8,1,2,82.9,Good,1
S0534,22,1.7,99.9,49.2,6,7.4,3.3,1,5,75.1,Good,0
S0535,21,2.0,69.1,63.9,6,5.1,2.3,1,1,54.6,Average,1
S0536,18,7.9,77.9,44.9,8,8.2,2.5,1,1,100.0,Good,0
S0537,22,1.2,64.5,64.6,8,7.6,3.0,1,2,55.6,Average,1
S0538,18,3.1,64.4,67.2,10,4.9,3.3,1,4,79.4,Good,1
S0539,21,7.7,73.1,83.1,7,5.6,1.0,1,4,100.0,Good,0
S0540,21,1.1,90.5,46.0,4,5.7,3.2,1,5,69.0,Average,0
S0541,19,2.1,56.8,61.8,7,8.7,2.6,1,4,49.5,Needs Support,1
S0542,20,2.5,92.7,82.9,4,6.3,1.1,1,1,79.4,Good,0
S0543,22,1.6,99.6,58.6,6,7.1,1.2,1,3,78.8,Good,0
S0544,18,4.3,80.2,86.0,7,8.7,0.7,1,4,99.3,Good,0
S0545,17,5.1,71.2,79.5,4,6.0,2.2,1,5,62.4,Average,0
S0546,19,3.2,65.5,42.3,6,8.7,3.9,0,4,58.2,Average,1
S0547,18,1.8,63.2,61.2,3,5.5,3.2,1,5,57.2,Average,1
S0548,22,6.7,69.6,82.2,5,4.1,0.7,1,2,79.4,Good,1
S0549,22,6.6,93.3,69.0,10,4.5,0.5,1,2,100.0,Good,0
S0550,19,4.9,55.1,77.0,7,7.5,1.1,1,3,74.1,Good,1
S0551,18,2.0,90.4,94.5,7,5.9,0.7,1,2,88.5,Good,0
S0552,21,4.8,85.0,77.1,8,8.2,0.6,1,5,95.2,Good,0
S0553,19,5.4,55.9,70.0,10,6.7,2.9,1,4,73.7,Good,1
S0554,17,4.0,58.1,86.5,10,7.4,1.3,1,3,77.0,Good,1
S0555,20,7.0,88.1,63.7,3,5.8,2.3,1,3,78.1,Good,0
S0556,21,3.7,85.3,40.6,10,6.9,1.3,1,3,76.3,Good,0
S0557,17,4.6,69.1,55.0,5,7.5,3.9,0,1,74.8,Good,1
S0558,21,1.8,93.8,72.7,9,5.9,2.4,1,3,75.5,Good,0
S0559,20,4.9,64.5,92.2,3,6.5,0.6,1,5,87.6,Good,1
S0560,21,6.4,74.2,73.4,5,8.2,3.1,1,1,70.5,Good,0
S0561,22,6.1,60.2,55.6,5,8.6,1.2,1,5,54.3,Average,1
S0562,21,2.8,84.1,94.6,10,5.8,1.8,1,5,86.6,Good,0
S0563,19,7.9,58.9,62.0,5,4.3,1.1,0,1,79.7,Good,1
S0564,19,6.0,63.1,52.5,8,8.2,2.0,1,1,75.3,Good,1
S0565,21,4.0,89.5,70.4,6,6.2,1.2,1,4,71.7,Good,0
S0566,17,3.9,77.5,58.9,4,8.8,1.3,1,5,76.9,Good,0
S0567,18,6.5,84.8,46.1,8,7.8,0.6,1,2,99.2,Good,0
S0568,20,2.2,88.0,79.2,10,5.8,3.8,1,5,82.5,Good,0
S0569,22,5.5,82.3,78.0,9,8.3,0.8,0,5,87.1,Good,0
S0570,21,6.0,63.9,93.5,4,6.7,1.1,1,5,80.0,Good,1
S0571,21,4.6,86.4,47.5,9,7.6,1.6,0,5,96.3,Good,0
S0572,18,7.1,60.2,90.1,8,8.4,0.5,1,5,97.7,Good,1
S0573,18,4.3,67.1,83.8,6,6.9,0.9,1,1,82.0,Good,1
S0574,18,4.3,75.2,53.9,8,8.7,1.6,1,4,88.7,Good,0
S0575,21,3.0,60.1,66.4,7,6.0,2.3,1,1,75.0,Good,1
S0576,20,7.4,59.8,74.7,10,5.9,2.1,1,2,84.6,Good,1
S0577,18,3.2,84.4,57.3,5,7.2,1.5,1,1,75.0,Good,0
S0578,21,5.9,88.4,45.9,8,6.0,2.7,1,4,89.6,Good,0
S0579,20,3.9,71.7,86.0,4,7.5,3.0,1,4,81.8,Good,0
S0580,22,7.5,72.5,49.1,10,6.7,1.1,0,4,96.8,Good,0
S0581,20,7.6,64.3,67.0,5,7.7,1.0,1,2,79.7,Good,1
S0582,17,1.2,78.5,64.1,3,8.1,2.5,1,1,57.2,Average,1
S0583,22,8.0,81.1,89.7,9,6.8,1.6,1,1,97.2,Good,0
S0584,18,5.2,97.0,70.7,3,8.6,3.3,1,4,89.2,Good,0
S0585,17,1.5,56.8,63.3,4,7.9,0.0,1,3,52.7,Average,1
S0586,21,4.5,95.9,93.7,4,8.3,2.2,1,2,89.4,Good,0
S0587,19,1.3,99.6,59.4,5,4.1,1.4,1,2,53.4,Average,1
S0588,20,4.8,70.6,80.0,7,4.1,0.8,1,3,79.1,Good,0
S0589,17,2.3,87.7,52.9,7,7.2,3.5,1,2,65.2,Average,0
S0590,21,3.6,92.1,81.6,6,5.7,0.9,1,2,78.4,Good,0
S0591,19,3.1,84.3,81.3,10,8.4,3.2,1,2,86.6,Good,0
S0592,22,5.2,68.0,85.5,3,6.0,3.4,1,2,74.7,Good,1
S0593,20,6.8,83.0,66.7,4,7.7,3.9,1,5,85.3,Good,0
S0594,22,7.6,94.5,52.2,4,5.2,0.5,1,5,69.2,Average,0
S0595,21,3.3,59.8,74.8,4,7.1,0.6,1,4,78.1,Good,1
S0596,22,5.0,76.6,90.1,7,8.5,0.3,1,4,85.8,Good,0
S0597,17,1.0,56.0,57.0,8,8.3,1.3,1,1,57.2,Average,1
S0598,21,3.6,93.0,41.1,6,5.8,3.6,1,1,59.7,Average,1
S0599,20,7.7,90.0,50.2,7,6.4,2.6,1,1,94.3,Good,0
S0600,19,1.8,57.1,91.3,9,6.7,0.6,1,4,69.3,Average,1
S0601,18,7.1,88.6,40.3,9,5.7,0.4,1,5,92.5,Good,0
S0602,20,5.6,86.1,43.0,6,6.4,3.0,1,5,87.7,Good,0
S0603,18,3.1,60.7,45.4,8,8.8,2.5,1,1,78.3,Good,1
S0604,18,6.4,78.6,89.1,10,8.4,0.0,1,4,100.0,Good,0
S0605,22,3.0,86.0,61.1,6,5.6,2.3,1,1,73.2,Good,0
S0606,21,7.3,70.1,78.0,9,7.4,0.8,1,4,87.4,Good,0
S0607,20,1.6,77.7,78.8,8,8.7,1.2,1,2,84.6,Good,0
S0608,21,1.8,98.9,63.9,6,5.8,0.4,1,2,78.3,Good,0
S0609,18,6.3,83.6,80.3,6,8.2,4.0,1,1,95.3,Good,0
S0610,21,4.1,77.6,65.4,5,8.0,1.8,1,4,82.5,Good,0
S0611,18,2.0,58.0,69.8,9,8.4,2.5,1,4,73.3,Good,1
S0612,19,4.6,60.5,56.9,4,4.4,0.8,1,2,59.8,Average,1
S0613,17,3.1,93.3,40.1,5,8.6,1.5,0,1,71.8,Good,0
S0614,19,4.8,88.4,72.6,5,8.9,2.6,1,5,95.6,Good,0
S0615,19,6.2,92.6,54.6,4,5.2,3.0,1,2,68.9,Average,0
S0616,19,7.0,81.0,55.1,5,7.2,3.6,1,4,91.3,Good,0
S0617,19,1.4,80.9,88.3,8,4.5,1.0,1,2,74.9,Good,0
S0618,17,5.1,78.9,59.9,5,7.0,1.0,1,2,82.2,Good,0
S0619,19,7.9,88.1,45.6,4,7.5,1.6,1,3,85.6,Good,0
S0620,22,4.2,69.9,74.7,4,7.7,1.2,1,5,85.6,Good,1
S0621,19,6.4,77.4,69.6,6,8.3,3.3,1,2,94.0,Good,0
S0622,20,1.7,76.1,43.2,6,5.5,1.5,1,4,66.4,Average,0
S0623,17,7.1,84.8,59.2,6,4.6,1.5,1,4,74.7,Good,0
S0624,19,5.1,64.7,73.6,3,8.1,2.0,0,2,78.3,Good,1
S0625,22,7.2,56.1,55.4,6,4.1,2.3,1,3,77.3,Good,1
S0626,20,6.5,59.0,94.2,9,5.2,1.4,1,2,82.9,Good,1
S0627,17,7.1,63.1,83.9,6,5.2,0.0,1,1,91.0,Good,1
S0628,21,1.4,93.6,67.7,7,7.9,2.9,0,1,57.1,Average,1
S0629,21,6.0,87.3,90.4,8,6.2,0.5,1,3,100.0,Good,0
S0630,19,2.4,88.7,41.9,3,8.2,3.4,1,4,75.2,Good,0
S0631,17,2.9,75.0,52.3,7,7.3,1.0,1,2,63.6,Average,0
S0632,21,3.3,59.6,90.3,5,8.2,1.0,1,1,80.6,Good,1
S0633,18,5.1,75.9,68.0,6,7.9,2.1,1,3,84.5,Good,0
S0634,22,5.4,93.8,49.4,5,8.4,3.6,1,2,83.1,Good,0
S0635,19,7.5,77.9,71.4,3,5.4,1.5,1,1,70.5,Good,0
S0636,19,1.1,83.4,80.2,4,5.8,1.9,1,4,71.4,Good,0
S0637,21,2.4,71.8,73.2,7,7.1,1.7,0,1,69.0,Average,0
S0638,17,3.5,61.8,42.5,6,6.9,0.4,1,2,67.8,Average,1
S0639,17,6.7,83.2,42.0,3,7.9,1.2,0,5,75.9,Good,0
S0640,21,4.8,76.8,62.4,4,8.0,3.7,1,2,82.3,Good,0
S0641,22,4.6,70.6,40.9,8,5.5,3.8,1,3,73.1,Good,0
S0642,22,6.3,66.6,44.6,4,4.6,1.0,1,1,72.5,Good,1
S0643,17,5.6,86.3,75.3,9,7.7,3.7,1,1,100.0,Good,0
S0644,17,3.0,69.3,64.1,8,7.4,0.1,1,1,72.5,Good,1
S0645,19,1.6,80.9,44.7,8,5.4,2.9,1,3,70.8,Good,0
S0646,21,4.2,66.7,88.2,6,4.3,0.1,1,3,79.8,Good,1
S0647,22,7.2,88.9,60.3,4,4.1,1.7,1,3,86.3,Good,0
S0648,21,5.2,71.9,88.6,8,5.2,1.7,1,1,81.0,Good,0
S0649,19,1.4,76.5,73.5,6,5.4,1.7,1,2,71.2,Good,0
S0650,22,4.1,96.7,74.2,6,5.0,3.8,1,5,92.8,Good,0
S0651,18,3.7,87.3,63.3,8,4.3,1.4,1,4,77.3,Good,0
S0652,17,5.1,88.1,77.0,7,4.9,0.1,1,1,89.1,Good,0
S0653,19,5.1,70.3,53.4,3,5.7,0.4,1,5,73.6,Good,0
S0654,17,7.7,92.8,54.2,5,4.5,3.0,1,2,75.3,Good,0
S0655,21,3.4,72.4,88.1,8,5.0,0.5,1,3,83.3,Good,0
S0656,22,3.9,99.5,51.2,6,6.2,0.2,0,1,80.9,Good,0
S0657,17,5.3,95.3,61.2,4,8.2,0.8,1,3,76.9,Good,0
S0658,17,7.2,84.7,81.0,6,8.4,3.9,1,5,83.7,Good,0
S0659,18,5.9,92.4,58.2,5,6.0,1.8,1,1,80.3,Good,0
S0660,18,4.3,79.5,60.1,5,4.6,0.6,1,4,67.4,Average,0
S0661,20,6.7,88.0,90.0,4,5.3,2.6,1,5,100.0,Good,0
S0662,20,4.4,60.6,51.4,9,7.4,1.5,1,1,72.2,Good,1
S0663,22,7.7,99.5,53.3,7,6.0,2.2,1,1,89.2,Good,0
S0664,19,3.0,91.0,88.8,4,6.9,4.0,1,1,70.7,Good,0
S0665,22,1.9,61.4,55.1,9,7.7,2.8,1,4,70.2,Good,1
S0666,21,6.8,65.9,58.2,4,7.3,2.1,1,1,71.3,Good,1
S0667,22,3.1,80.9,88.5,5,8.3,4.0,1,2,71.0,Good,0
S0668,18,6.9,89.3,57.7,5,4.4,2.0,1,4,83.2,Good,0
S0669,19,5.3,61.7,94.8,10,5.5,1.8,1,5,87.5,Good,1
S0670,22,4.6,98.2,85.2,9,4.2,3.4,1,4,100.0,Good,0
S0671,21,1.6,70.6,86.6,8,6.6,3.8,1,4,66.5,Average,0
S0672,18,6.5,99.8,52.4,9,7.1,2.9,1,4,92.2,Good,0
S0673,22,1.5,88.9,51.9,9,5.3,1.5,1,3,62.8,Average,0
S0674,21,7.8,76.8,81.4,7,4.3,1.6,1,3,82.9,Good,0
S0675,17,7.1,71.3,85.5,10,6.3,0.0,1,4,100.0,Good,0
S0676,17,3.1,59.3,52.3,5,4.8,1.0,1,3,43.7,Needs Support,1
S0677,18,1.9,59.0,51.3,6,5.0,3.1,1,1,66.3,Average,1
S0678,19,7.2,83.3,53.4,8,5.9,2.0,1,3,76.8,Good,0
S0679,17,4.4,89.8,47.6,10,8.7,3.4,1,2,82.8,Good,0
S0680,17,1.9,95.8,63.2,9,5.8,2.7,1,1,90.5,Good,0
S0681,17,4.5,71.4,67.7,10,7.5,2.3,1,2,66.6,Average,0
S0682,18,2.7,97.2,74.5,4,5.9,3.2,1,4,63.4,Average,0
S0683,19,3.9,68.4,43.0,6,6.0,2.0,1,3,75.7,Good,1
S0684,18,5.5,97.3,50.6,8,4.7,2.7,1,4,85.0,Good,0
S0685,19,7.4,96.3,46.4,10,4.9,2.0,1,4,88.9,Good,0
S0686,21,6.6,62.0,54.9,8,7.9,1.4,1,4,84.3,Good,1
S0687,18,2.1,93.7,50.2,10,6.1,3.1,0,2,62.9,Average,0
S0688,19,4.3,86.7,91.5,6,5.4,0.3,1,2,84.7,Good,0
S0689,21,4.4,86.6,60.5,7,8.9,3.9,1,3,93.0,Good,0
S0690,17,7.9,92.8,47.6,4,8.4,3.8,1,2,82.0,Good,0
S0691,22,1.6,79.1,76.7,5,5.3,3.3,1,5,70.2,Good,0
S0692,22,4.6,77.8,93.5,7,6.2,1.9,1,5,99.2,Good,0
S0693,18,7.4,71.5,83.7,4,6.8,1.8,1,5,100.0,Good,0
S0694,22,3.8,93.9,75.7,4,4.8,1.6,1,5,73.5,Good,0
S0695,18,2.8,95.5,60.8,3,6.1,1.8,1,4,70.8,Good,0
S0696,22,4.9,62.2,62.2,5,5.4,0.9,0,4,66.0,Average,1
S0697,20,3.2,89.7,56.6,5,8.1,3.2,1,3,66.8,Average,0
S0698,18,7.5,67.4,84.3,7,4.5,3.5,1,4,89.7,Good,1
S0699,17,1.6,63.3,84.2,7,9.0,2.0,1,1,65.4,Average,1
S0700,19,2.4,63.9,66.9,10,5.2,3.4,1,3,58.8,Average,1
S0701,21,1.6,80.8,87.4,7,5.7,1.2,1,4,59.9,Average,1
S0702,18,6.0,67.6,75.9,4,4.4,3.4,1,5,74.6,Good,1
S0703,20,3.1,65.9,77.7,6,8.6,3.9,1,4,77.1,Good,1
S0704,17,7.3,59.4,54.8,3,8.1,2.7,1,4,87.4,Good,1
S0705,19,7.3,69.6,53.3,7,4.3,3.9,1,1,75.3,Good,1
S0706,17,7.6,89.8,52.5,7,6.6,2.9,1,3,88.2,Good,0
S0707,22,2.8,56.0,90.2,9,6.0,2.8,1,2,82.1,Good,1
S0708,20,1.0,76.7,84.0,10,7.0,1.9,1,4,83.8,Good,0
S0709,22,3.7,82.1,89.5,10,5.7,0.2,1,2,86.5,Good,0
S0710,17,7.7,57.2,85.3,3,8.8,0.5,0,1,82.7,Good,1
S0711,18,6.3,68.2,84.3,3,5.1,3.3,0,2,92.1,Good,1
S0712,18,1.4,95.8,64.0,8,8.1,0.7,1,2,70.2,Good,0
S0713,20,5.9,99.7,82.1,10,5.3,2.7,1,1,91.9,Good,0
S0714,22,7.4,93.3,49.2,3,7.2,0.6,1,5,71.5,Good,0
S0715,20,7.8,62.6,76.1,9,6.1,3.0,1,4,99.0,Good,1
S0716,19,6.0,89.4,42.4,7,6.6,3.8,1,3,78.2,Good,0
S0717,22,7.0,75.3,93.1,7,6.6,2.5,1,3,100.0,Good,0
S0718,18,6.9,62.7,88.4,3,7.1,0.2,1,3,82.3,Good,1
S0719,17,3.5,76.6,49.1,6,4.3,2.9,1,1,69.8,Average,0
S0720,21,1.7,96.5,82.3,8,4.3,1.9,1,3,84.3,Good,0
S0721,22,6.1,94.5,85.3,8,8.9,3.5,1,1,100.0,Good,0
S0722,18,2.0,72.6,42.3,5,5.3,0.6,1,5,48.6,Needs Support,1
S0723,18,3.7,57.9,71.1,8,5.8,1.1,1,5,88.9,Good,1
S0724,20,8.0,95.5,63.1,8,5.2,3.7,1,2,94.7,Good,0
S0725,21,4.9,99.4,74.0,8,7.2,3.3,1,1,87.0,Good,0
S0726,18,4.7,78.0,88.8,5,8.9,3.6,1,4,84.2,Good,0
S0727,21,7.6,65.1,79.8,10,6.0,2.1,0,4,93.1,Good,1
S0728,20,3.0,79.5,51.6,3,5.6,2.7,0,3,56.6,Average,1
S0729,21,8.0,86.3,70.5,3,5.7,3.7,1,5,71.7,Good,0
S0730,20,7.4,76.7,70.9,4,4.1,2.6,1,2,86.2,Good,0
S0731,19,3.5,70.9,40.6,3,4.4,0.3,1,5,59.6,Average,1
S0732,20,3.3,66.2,47.3,5,4.2,0.6,0,1,48.5,Needs Support,1
S0733,22,1.9,68.4,59.8,7,5.6,0.0,1,5,66.2,Average,1
S0734,19,7.4,57.2,49.8,4,8.9,0.4,1,4,96.8,Good,1
S0735,22,2.3,66.5,53.0,5,4.7,0.1,1,1,59.4,Average,1
S0736,21,1.1,97.9,77.2,4,6.7,1.5,1,1,63.2,Average,0
S0737,18,7.2,55.4,92.9,9,5.0,2.5,1,5,100.0,Good,1
S0738,22,5.2,87.7,65.2,7,4.2,3.4,0,3,73.1,Good,0
S0739,19,5.7,90.5,75.5,7,8.2,1.6,1,3,89.7,Good,0
S0740,18,6.1,73.2,81.9,6,4.6,0.6,1,3,80.8,Good,0
S0741,18,1.3,81.8,77.0,7,4.7,3.6,1,4,68.6,Average,0
S0742,17,1.6,64.9,76.1,9,8.1,3.7,1,3,79.1,Good,1
S0743,19,4.5,85.1,40.1,10,5.2,3.9,1,1,79.1,Good,0
S0744,17,1.4,86.9,87.8,6,5.0,0.1,1,5,69.1,Average,0
S0745,20,4.5,88.1,48.9,6,8.7,2.4,1,1,73.1,Good,0
S0746,22,6.2,77.1,49.9,7,5.0,2.5,1,1,77.2,Good,0
S0747,22,5.6,98.7,68.0,7,8.2,2.1,1,5,89.3,Good,0
S0748,22,5.3,94.0,72.3,8,5.5,0.8,1,3,88.0,Good,0
S0749,18,1.3,80.8,81.6,4,6.8,3.7,1,4,62.6,Average,0
S0750,18,2.7,85.7,56.1,9,5.6,2.1,1,3,67.9,Average,0
S0751,21,7.3,67.4,92.0,3,5.7,0.1,0,4,86.7,Good,1
S0752,22,1.9,97.5,74.6,7,8.7,1.4,1,1,67.8,Average,0
S0753,21,4.7,84.0,86.4,10,8.5,2.9,1,4,99.1,Good,0
S0754,18,1.4,95.3,66.2,3,4.9,0.8,0,2,57.6,Average,1
S0755,21,7.6,68.0,43.9,10,7.6,3.1,1,5,83.7,Good,1
S0756,20,2.2,99.2,40.7,6,4.7,0.8,1,5,61.4,Average,0
S0757,19,3.9,59.7,75.2,9,5.5,1.7,1,3,74.3,Good,1
S0758,19,4.8,78.9,63.4,3,4.4,1.2,1,1,66.6,Average,0
S0759,20,6.0,60.0,64.2,9,7.2,0.5,1,4,86.6,Good,1
S0760,22,7.6,63.5,57.9,7,7.6,3.5,1,4,85.8,Good,1
S0761,21,6.2,89.4,49.8,8,7.7,1.4,1,5,81.8,Good,0
S0762,17,3.4,58.0,66.1,3,7.9,3.0,1,2,74.6,Good,1
S0763,21,1.5,72.2,54.0,6,6.0,3.6,1,3,67.5,Average,0
S0764,18,6.0,63.6,89.1,7,4.9,1.1,1,3,87.7,Good,1
S0765,19,7.8,93.3,49.8,4,4.0,0.0,1,4,90.8,Good,0
S0766,20,1.1,58.7,93.2,4,6.2,2.1,1,3,66.8,Average,1
S0767,22,6.4,70.1,87.3,8,8.7,0.9,1,1,90.5,Good,0
S0768,17,2.2,93.5,61.1,9,6.2,3.5,1,1,73.8,Good,0
S0769,20,4.2,85.9,82.5,4,7.1,0.7,1,4,100.0,Good,0
S0770,18,4.7,86.6,71.9,3,8.6,2.9,1,5,88.4,Good,0
S0771,22,5.3,99.6,65.6,5,8.3,0.1,1,5,95.4,Good,0
S0772,19,7.9,56.1,84.7,8,7.7,1.1,1,2,91.4,Good,1
S0773,22,5.8,84.9,85.7,6,7.0,0.8,1,1,92.3,Good,0
S0774,22,3.7,88.5,51.1,8,5.2,3.4,1,2,90.7,Good,0
S0775,17,6.0,88.7,89.8,10,7.7,2.4,1,1,100.0,Good,0
S0776,21,4.3,87.1,41.8,5,6.1,2.6,1,2,76.1,Good,0
S0777,21,3.9,58.2,40.3,8,7.5,0.3,1,3,77.2,Good,1
S0778,21,3.6,58.8,66.6,7,5.1,1.2,1,5,77.5,Good,1
S0779,22,4.5,89.8,56.6,9,8.7,3.6,1,2,95.6,Good,0
S0780,21,3.0,82.5,63.2,5,4.8,2.5,1,5,72.3,Good,0
S0781,22,2.7,66.8,66.3,3,8.0,3.0,1,2,66.7,Average,1
S0782,21,2.0,55.4,65.8,5,8.5,2.0,1,3,58.0,Average,1
S0783,18,4.1,79.0,89.9,3,4.8,0.8,1,5,98.9,Good,0
S0784,22,3.1,59.1,90.5,5,8.3,3.7,0,2,74.2,Good,1
S0785,21,6.9,88.7,59.0,9,7.2,1.1,1,5,95.9,Good,0
S0786,21,6.9,70.3,55.8,3,7.0,0.7,0,4,86.6,Good,0
S0787,22,3.4,91.3,76.0,4,5.3,2.6,1,2,69.2,Average,0
S0788,21,5.3,59.3,50.9,8,5.6,0.3,1,1,71.8,Good,1
S0789,19,7.3,77.2,62.0,4,5.2,3.1,1,1,73.1,Good,0
S0790,18,3.5,59.5,79.5,3,6.2,2.8,1,5,70.2,Good,1
S0791,18,4.9,90.1,40.3,7,7.2,1.5,1,1,70.7,Good,0
S0792,18,4.1,80.2,82.5,4,7.6,2.1,1,1,80.4,Good,0
S0793,17,5.6,65.6,80.4,8,7.5,1.9,1,4,87.8,Good,1
S0794,21,7.7,98.3,61.3,3,5.7,0.3,1,1,79.2,Good,0
S0795,21,2.0,85.7,53.6,3,5.7,0.3,1,3,57.2,Average,1
S0796,17,7.8,70.1,69.7,9,7.8,1.4,1,2,93.7,Good,0
S0797,19,5.7,93.5,56.3,7,8.9,0.0,1,4,83.7,Good,0
S0798,22,6.6,72.1,85.2,7,5.1,0.7,1,3,97.3,Good,0
S0799,22,5.4,97.4,72.5,7,6.1,1.5,1,3,93.4,Good,0
S0800,20,7.1,68.4,56.9,6,5.4,2.5,1,1,79.8,Good,1
S0801,22,3.3,99.3,84.4,7,8.9,2.1,1,3,77.8,Good,0
S0802,18,6.0,57.8,73.4,7,4.1,0.7,1,2,82.9,Good,1
S0803,22,2.8,88.1,47.3,3,8.5,3.0,1,4,55.2,Average,1
S0804,22,4.6,68.1,62.8,9,7.8,3.2,1,5,85.0,Good,1
S0805,20,5.8,74.1,66.9,8,5.7,2.7,1,2,83.5,Good,0
S0806,17,2.4,83.6,92.0,7,7.4,2.8,1,4,77.6,Good,0
S0807,18,1.4,57.1,57.6,10,5.8,1.0,1,2,57.2,Average,1
S0808,20,6.5,65.1,64.7,7,7.2,3.4,1,1,76.3,Good,1
S0809,18,6.7,59.7,93.7,10,6.1,2.3,1,4,100.0,Good,1
S0810,17,5.7,88.3,63.4,5,8.6,0.7,1,5,83.9,Good,0
S0811,18,3.3,65.0,85.5,3,6.3,2.7,1,5,70.8,Good,1
S0812,22,5.6,77.4,45.3,7,8.1,2.5,1,3,85.8,Good,0
S0813,19,1.6,69.8,61.7,9,6.9,2.3,1,5,74.5,Good,1
S0814,20,5.6,65.6,50.1,10,5.9,1.9,1,5,91.0,Good,1
S0815,19,5.0,97.1,88.6,8,8.8,3.1,1,1,84.1,Good,0
S0816,21,5.3,77.8,70.4,7,5.0,2.9,1,2,72.2,Good,0
S0817,17,4.1,84.3,52.0,10,8.5,2.4,1,1,100.0,Good,0
S0818,18,2.6,86.7,45.1,6,8.9,0.3,1,2,66.5,Average,0
S0819,20,6.1,92.0,63.1,9,8.2,0.9,1,2,89.1,Good,0
S0820,21,4.2,66.8,45.3,10,7.1,3.9,1,4,77.6,Good,1
S0821,19,6.2,58.5,66.7,9,7.1,1.6,1,5,95.6,Good,1
S0822,21,3.5,76.0,80.1,3,8.6,2.5,1,3,64.7,Average,0
S0823,21,1.6,62.7,57.1,5,6.2,0.5,1,1,57.8,Average,1
S0824,20,4.8,55.9,49.2,3,8.1,2.3,0,2,61.2,Average,1
S0825,21,5.4,96.4,59.9,6,7.9,2.4,1,3,89.4,Good,0
S0826,22,7.5,83.2,49.1,9,8.3,3.0,1,3,93.2,Good,0
S0827,18,7.2,73.6,86.4,10,6.2,3.9,1,3,95.4,Good,0
S0828,19,1.4,61.1,45.3,10,7.3,1.8,1,4,58.0,Average,1
S0829,18,6.4,89.3,80.8,3,4.5,1.3,1,5,67.5,Average,0
S0830,19,2.8,79.0,58.4,3,4.4,0.6,1,2,67.5,Average,0
S0831,17,5.9,62.8,80.1,7,4.5,1.3,1,4,73.0,Good,1
S0832,21,3.7,99.2,82.4,3,7.7,1.8,1,5,78.8,Good,0
S0833,18,3.3,97.8,47.4,9,5.8,3.9,1,5,91.3,Good,0
S0834,22,4.4,96.7,81.6,3,8.5,2.0,1,4,80.2,Good,0
S0835,21,4.7,92.2,92.0,7,4.4,2.7,1,1,90.9,Good,0
S0836,19,5.9,78.9,71.2,7,4.9,2.9,1,4,84.0,Good,0
S0837,19,5.5,68.5,75.5,6,8.2,0.1,1,5,91.2,Good,1
S0838,21,5.7,84.3,57.7,4,6.1,0.9,1,4,78.1,Good,0
S0839,19,3.7,61.8,49.6,9,5.1,2.2,1,5,68.1,Average,1
S0840,18,5.7,82.8,80.9,7,7.9,0.2,1,2,99.7,Good,0
S0841,17,3.4,58.0,85.1,8,5.2,0.6,0,4,73.8,Good,1
S0842,20,5.3,55.6,51.3,8,8.9,3.0,1,4,67.8,Average,1
S0843,20,4.2,87.2,46.2,7,5.4,2.7,1,2,69.1,Average,0
S0844,21,4.9,70.4,59.4,3,8.3,0.6,1,1,73.2,Good,0
S0845,17,1.1,86.4,74.4,6,6.4,0.5,0,2,56.7,Average,1
S0846,17,4.5,90.1,60.1,9,8.7,3.4,1,1,89.3,Good,0
S0847,21,2.5,92.6,93.0,4,5.5,1.9,1,4,83.4,Good,0
S0848,21,3.7,82.7,83.5,5,8.6,1.3,1,3,97.0,Good,0
S0849,21,1.5,93.1,90.4,10,5.5,2.9,0,2,74.5,Good,0
S0850,17,5.6,84.6,73.0,7,6.2,2.7,1,1,89.1,Good,0
S0851,20,7.3,96.7,81.6,7,7.2,4.0,1,3,86.3,Good,0
S0852,22,3.5,95.4,92.3,5,6.8,0.4,1,1,78.0,Good,0
S0853,21,1.7,56.9,42.0,5,7.4,3.1,1,4,55.8,Average,1
S0854,19,5.3,67.0,71.6,5,7.5,1.8,1,3,81.8,Good,1
S0855,19,1.9,72.5,50.3,10,5.3,1.0,1,4,68.1,Average,0
S0856,19,7.2,66.3,83.7,6,4.0,2.0,1,5,89.4,Good,1
S0857,17,1.9,63.0,52.8,7,7.6,0.1,1,1,55.8,Average,1
S0858,21,3.5,94.3,80.8,3,7.0,0.5,0,1,68.7,Average,0
S0859,20,4.5,56.1,58.3,9,6.8,0.4,1,1,75.7,Good,1
S0860,20,1.8,63.2,75.8,6,6.5,2.8,1,3,70.9,Good,1
S0861,22,3.2,89.2,77.3,9,8.6,2.8,1,1,88.1,Good,0
S0862,21,2.9,65.0,90.0,5,5.5,1.0,1,1,77.9,Good,1
S0863,22,6.0,66.6,88.0,8,8.6,1.2,1,4,100.0,Good,1
S0864,17,7.9,98.5,64.1,5,4.8,3.1,1,3,76.7,Good,0
S0865,22,3.5,89.3,77.9,5,7.5,1.6,1,3,74.6,Good,0
S0866,20,6.5,75.2,50.0,4,8.7,1.4,1,3,76.7,Good,0
S0867,19,2.0,61.1,45.4,8,4.8,3.8,1,5,57.1,Average,1
S0868,20,5.1,67.1,79.3,5,7.9,2.2,1,3,88.7,Good,1
S0869,17,4.0,99.2,89.9,3,5.4,2.2,1,3,86.3,Good,0
S0870,22,3.0,90.6,81.1,8,4.3,2.4,1,1,76.9,Good,0
S0871,20,6.8,58.1,68.4,8,6.2,0.2,1,5,88.9,Good,1
S0872,17,6.2,86.8,74.6,10,7.5,1.6,1,4,100.0,Good,0
S0873,22,1.9,71.9,80.2,10,5.4,3.2,1,4,74.8,Good,0
S0874,19,3.0,87.4,71.3,4,8.8,2.6,1,3,71.4,Good,0
S0875,17,6.7,68.3,60.0,3,4.0,3.6,1,1,78.2,Good,1
S0876,20,7.9,60.9,86.8,9,5.3,1.2,1,3,100.0,Good,1
S0877,17,5.3,55.9,60.3,10,5.7,1.9,1,1,88.5,Good,1
S0878,20,7.1,68.3,89.7,7,5.9,0.9,1,4,97.3,Good,1
S0879,21,7.9,93.7,84.0,7,5.5,0.7,1,1,100.0,Good,0
S0880,17,6.2,95.1,83.6,3,4.1,0.4,0,5,81.1,Good,0
S0881,21,5.5,85.7,85.9,7,5.0,0.8,0,4,80.9,Good,0
S0882,20,2.5,88.7,94.3,3,5.3,0.7,1,3,73.7,Good,0
S0883,18,3.6,63.8,94.4,9,7.4,1.8,1,1,62.7,Average,1
S0884,18,5.4,70.9,67.6,10,5.9,1.6,1,5,91.6,Good,0
S0885,17,7.5,95.5,60.8,3,7.6,3.1,1,5,96.4,Good,0
S0886,18,3.1,99.4,80.3,4,6.2,3.1,0,1,73.1,Good,0
S0887,18,3.8,74.9,93.2,10,5.7,2.2,1,2,85.5,Good,0
S0888,22,1.2,89.9,74.7,3,4.8,2.6,0,3,69.1,Average,0
S0889,20,5.9,97.0,41.4,9,5.1,1.9,0,4,82.2,Good,0
S0890,18,4.1,99.9,42.1,8,8.5,1.2,1,1,84.0,Good,0
S0891,21,6.6,68.3,65.5,8,6.3,2.0,1,5,100.0,Good,1
S0892,19,2.6,84.4,83.3,8,5.6,2.5,1,2,83.6,Good,0
S0893,22,5.6,72.5,88.8,5,5.1,3.8,1,3,91.0,Good,0
S0894,21,5.7,75.9,60.6,10,8.4,3.3,1,5,94.9,Good,0
S0895,22,4.3,75.8,68.4,6,7.5,0.3,1,1,77.2,Good,0
S0896,21,2.3,67.5,68.2,7,7.5,2.6,0,5,72.5,Good,1
S0897,17,3.8,55.9,45.2,8,8.0,0.4,1,2,67.8,Average,1
S0898,20,6.2,89.5,40.0,5,5.2,2.5,1,3,83.6,Good,0
S0899,19,2.3,86.3,68.8,3,7.7,3.4,1,1,52.5,Average,1
S0900,21,1.6,92.8,67.7,5,4.4,2.8,1,2,62.8,Average,0
S0901,17,4.2,61.9,87.5,8,7.3,0.5,1,4,89.6,Good,1
S0902,19,2.6,65.7,50.0,4,5.6,1.7,1,2,50.3,Average,1
S0903,21,6.6,81.8,86.9,9,7.3,0.8,0,5,98.1,Good,0
S0904,20,6.7,97.1,54.9,8,5.1,2.6,1,5,85.7,Good,0
S0905,17,7.6,76.2,69.7,8,5.8,2.8,1,3,95.9,Good,0
S0906,21,6.9,64.0,78.9,10,7.4,2.9,1,3,100.0,Good,1
S0907,19,5.5,81.8,48.0,4,8.7,1.4,1,1,83.7,Good,0
S0908,21,2.3,98.1,92.1,3,5.7,2.4,1,1,76.3,Good,0
S0909,20,6.8,94.1,92.7,5,4.8,0.8,1,5,90.9,Good,0
S0910,20,6.1,95.5,93.3,6,4.6,3.7,0,5,95.7,Good,0
S0911,19,6.2,73.5,40.1,3,7.4,3.8,1,1,72.3,Good,0
S0912,19,5.9,66.8,75.4,5,8.5,0.1,1,3,93.8,Good,1
S0913,17,6.8,94.2,76.9,10,4.1,2.3,1,5,83.5,Good,0
S0914,20,3.1,90.5,88.4,3,5.7,2.9,1,3,78.0,Good,0
S0915,18,5.7,93.3,51.1,10,4.8,0.9,1,4,73.4,Good,0
S0916,19,4.6,72.6,46.8,7,8.8,0.1,1,5,82.6,Good,0
S0917,18,3.4,67.9,84.5,10,4.7,0.0,1,1,82.7,Good,1
S0918,21,3.3,65.8,54.4,10,4.3,2.8,1,4,76.5,Good,1
S0919,22,2.1,94.2,43.6,7,7.8,0.0,1,3,74.8,Good,0
S0920,19,4.4,96.4,45.1,5,9.0,1.5,1,1,75.8,Good,0
S0921,19,3.6,71.5,75.5,9,7.9,3.2,1,4,78.2,Good,0
S0922,19,4.0,94.4,69.5,8,4.6,0.2,1,5,86.7,Good,0
S0923,17,7.0,72.2,81.1,7,6.0,2.8,1,4,100.0,Good,0
S0924,21,5.8,75.2,84.4,10,6.6,1.7,1,3,93.4,Good,0
S0925,22,5.8,80.5,40.1,10,8.5,1.6,1,2,83.1,Good,0
S0926,20,7.9,65.0,91.3,5,7.8,1.9,0,1,80.7,Good,1
S0927,17,2.5,67.0,88.4,4,4.3,1.4,1,4,78.1,Good,1
S0928,19,4.6,67.0,91.3,10,6.3,3.4,0,5,86.3,Good,1
S0929,17,1.6,66.7,82.3,3,7.9,2.7,1,2,57.7,Average,1
S0930,21,3.7,78.2,61.1,8,6.7,1.6,1,3,73.1,Good,0
S0931,21,7.7,59.5,53.6,8,7.3,0.5,1,4,80.6,Good,1
S0932,19,1.6,90.1,90.2,8,8.8,2.0,0,4,79.3,Good,0
S0933,19,6.3,62.9,63.1,6,8.9,4.0,1,3,92.0,Good,1
S0934,22,7.1,75.0,66.8,4,8.2,3.6,1,4,92.0,Good,0
S0935,17,4.6,83.9,78.4,7,6.9,0.3,1,5,98.1,Good,0
S0936,21,6.6,61.2,77.9,5,5.5,1.4,1,1,91.2,Good,1
S0937,22,4.1,73.4,78.1,9,4.8,1.9,1,1,72.7,Good,0
S0938,19,3.5,80.3,74.3,3,4.8,1.6,1,5,75.3,Good,0
S0939,21,4.5,79.8,68.0,5,7.2,0.4,1,2,87.3,Good,0
S0940,21,2.4,95.2,82.2,10,7.9,0.7,1,3,100.0,Good,0
S0941,22,3.2,90.3,61.8,8,8.3,2.1,1,5,70.7,Good,0
S0942,17,3.1,60.4,54.4,9,8.6,2.9,1,1,58.7,Average,1
S0943,21,7.9,92.5,90.0,4,5.4,2.9,1,4,100.0,Good,0
S0944,19,3.3,79.7,86.5,3,5.7,2.7,1,3,70.4,Good,0
S0945,22,2.6,85.5,79.5,6,5.0,2.7,1,4,67.8,Average,0
S0946,22,7.6,62.2,49.3,7,6.7,0.0,0,1,81.0,Good,1
S0947,18,2.0,76.2,42.5,9,8.7,0.9,1,4,63.0,Average,0
S0948,20,7.8,86.5,90.7,4,7.8,1.3,1,5,81.8,Good,0
S0949,19,7.0,90.9,91.9,7,6.2,1.0,1,5,100.0,Good,0
S0950,20,5.5,91.3,55.0,9,4.8,1.6,1,4,86.4,Good,0
S0951,21,4.0,64.8,74.6,6,8.2,1.6,1,1,79.1,Good,1
S0952,20,2.4,92.5,41.0,7,8.5,1.4,1,2,74.6,Good,0
S0953,21,1.7,80.6,61.7,10,7.8,0.0,1,2,74.5,Good,0
S0954,21,1.7,85.1,78.7,10,5.5,3.5,1,4,77.5,Good,0
S0955,18,3.4,93.3,59.9,10,6.0,3.8,1,4,77.3,Good,0
S0956,20,3.9,73.2,84.4,8,6.9,2.5,1,4,72.0,Good,0
S0957,19,7.5,96.4,90.2,7,8.6,1.1,1,2,99.2,Good,0
S0958,19,4.8,94.7,47.5,3,5.2,1.8,1,4,78.5,Good,0
S0959,17,7.9,91.3,77.8,5,6.1,3.6,1,2,98.1,Good,0
S0960,18,6.0,72.1,60.7,5,4.3,2.4,1,2,90.4,Good,0
S0961,19,2.0,78.8,49.6,9,4.0,2.8,1,2,63.4,Average,0
S0962,18,4.9,62.8,59.2,7,5.2,2.8,1,1,57.8,Average,1
S0963,20,2.1,89.2,66.5,4,8.0,3.9,1,5,77.2,Good,0
S0964,18,1.3,95.1,89.3,10,7.4,2.6,1,5,94.2,Good,0
S0965,18,7.6,62.2,82.1,3,6.4,0.4,1,2,74.6,Good,1
S0966,19,3.4,88.5,40.3,5,6.0,2.0,1,5,55.3,Average,1
S0967,20,2.3,86.2,43.1,7,5.3,3.7,1,2,64.3,Average,0
S0968,22,1.7,56.6,94.7,4,7.8,0.5,1,2,72.3,Good,1
S0969,20,5.6,96.3,70.6,3,6.4,0.2,1,1,70.3,Good,0
S0970,19,4.2,76.6,73.6,5,4.4,0.2,1,2,70.3,Good,0
S0971,18,1.1,67.1,59.4,4,7.1,0.3,1,3,50.9,Average,1
S0972,19,6.0,56.4,85.7,4,9.0,0.7,1,3,73.9,Good,1
S0973,22,2.8,90.2,70.6,5,4.4,3.1,1,5,63.2,Average,0
S0974,19,6.5,70.2,72.6,4,9.0,2.4,0,2,81.8,Good,0
S0975,18,4.4,78.1,53.7,6,4.5,2.9,1,3,68.2,Average,0
S0976,20,4.7,63.8,82.7,5,5.5,2.2,1,5,74.2,Good,1
S0977,21,4.2,82.3,51.8,6,8.9,1.4,1,2,53.9,Average,1
S0978,22,5.7,72.9,47.5,4,8.9,3.1,1,3,87.1,Good,0
S0979,18,7.9,91.3,72.9,8,4.9,0.7,1,5,92.2,Good,0
S0980,22,6.6,85.0,85.8,7,7.6,1.4,0,4,93.6,Good,0
S0981,22,1.5,87.5,56.1,7,7.1,1.7,1,4,59.7,Average,1
S0982,19,4.5,66.3,56.6,10,6.0,2.7,1,4,82.5,Good,1
S0983,19,2.6,57.9,48.2,8,7.9,3.0,0,2,50.4,Average,1
S0984,18,1.7,94.6,73.2,10,7.2,2.3,0,1,76.5,Good,0
S0985,18,2.4,97.1,82.4,3,5.1,2.4,1,2,68.8,Average,0
S0986,22,2.7,84.0,46.9,4,6.5,1.1,1,1,66.9,Average,0
S0987,18,7.7,96.5,69.4,9,7.5,2.4,1,3,92.4,Good,0
S0988,19,6.2,86.8,69.7,7,7.1,3.4,1,1,81.6,Good,0
S0989,22,7.0,82.3,45.9,10,6.7,1.8,1,3,87.1,Good,0
S0990,21,5.9,73.9,69.2,8,7.7,3.0,0,3,100.0,Good,0
S0991,17,3.2,71.0,55.0,9,4.7,2.0,1,5,62.0,Average,0
S0992,17,3.7,77.0,51.0,4,4.2,2.1,1,4,66.8,Average,0
S0993,18,4.1,65.0,94.2,3,4.2,2.4,1,5,70.8,Good,1
S0994,22,3.1,74.2,45.0,7,7.1,0.6,1,5,71.8,Good,0
S0995,18,4.0,77.8,58.9,7,6.2,0.9,0,2,76.3,Good,0
S0996,18,6.4,56.4,74.0,4,8.2,0.7,1,5,83.5,Good,1
S0997,20,1.5,72.7,62.3,10,8.9,2.1,1,3,75.0,Good,0
S0998,19,2.9,67.8,41.0,5,4.6,2.7,1,4,60.9,Average,1
S0999,17,4.4,83.5,87.6,6,5.9,2.8,1,2,78.1,Good,0
S1000,18,5.7,91.5,53.2,5,6.1,0.8,0,2,73.7,Good,0
